{"cameraMode":{"drawMode":0,"name":"Shaded","section":"Shading Mode"},"sceneLighting":false,"audioPlay":false,"sceneViewState":{"showFog":true,"showMaterialUpdate":false,"showSkybox":true,"showFlares":true,"showImageEffects":true,"showParticleSystems":true},"in2DMode":false,"pivot":{"x":31.076128005981447,"y":4.030012607574463,"z":-28.189044952392579},"rotation":{"x":-0.1940811723470688,"y":-0.34412962198257449,"z":0.07291163504123688,"w":-0.9159260988235474},"size":10.313652992248536,"orthographic":false}