{"cameraMode":{"drawMode":0,"name":"Shaded","section":"Shading Mode"},"sceneLighting":false,"audioPlay":false,"sceneViewState":{"showFog":true,"showMaterialUpdate":false,"showSkybox":true,"showFlares":true,"showImageEffects":true,"showParticleSystems":true},"in2DMode":false,"pivot":{"x":111.32524108886719,"y":-0.9508169293403626,"z":-23.46900177001953},"rotation":{"x":-0.03433709591627121,"y":-0.7097470164299011,"z":0.035396166145801547,"w":-0.7033109068870544},"size":26.46877098083496,"orthographic":false}