{"cameraMode":{"drawMode":0,"name":"Shaded","section":"Shading Mode"},"sceneLighting":false,"audioPlay":false,"sceneViewState":{"showFog":true,"showMaterialUpdate":false,"showSkybox":true,"showFlares":true,"showImageEffects":true,"showParticleSystems":true},"in2DMode":false,"pivot":{"x":40.0939826965332,"y":1.3435428142547608,"z":-17.805273056030275},"rotation":{"x":0.42383792996406557,"y":0.19337090849876405,"z":-0.09322553873062134,"w":0.8801441788673401},"size":22.892269134521486,"orthographic":false}