{"cameraMode":{"drawMode":0,"name":"Shaded","section":"Shading Mode"},"sceneLighting":false,"audioPlay":false,"sceneViewState":{"showFog":true,"showMaterialUpdate":false,"showSkybox":true,"showFlares":true,"showImageEffects":true,"showParticleSystems":true},"in2DMode":false,"pivot":{"x":34.53798294067383,"y":-12.141084671020508,"z":-6.60833740234375},"rotation":{"x":0.3611419200897217,"y":0.15997566282749177,"z":-0.06316639482975006,"w":0.9167183637619019},"size":22.892269134521486,"orthographic":false}