{"cameraMode":{"drawMode":0,"name":"Shaded","section":"Shading Mode"},"sceneLighting":false,"audioPlay":false,"sceneViewState":{"showFog":true,"showMaterialUpdate":false,"showSkybox":true,"showFlares":true,"showImageEffects":true,"showParticleSystems":true},"in2DMode":false,"pivot":{"x":21.55760955810547,"y":6.091041564941406,"z":-25.235097885131837},"rotation":{"x":-0.31898701190948489,"y":-0.5244369506835938,"z":0.2217317372560501,"w":-0.7581955790519714},"size":3.162832736968994,"orthographic":false}