{"cameraMode":{"drawMode":0,"name":"Shaded","section":"Shading Mode"},"sceneLighting":true,"audioPlay":false,"sceneViewState":{"showFog":true,"showMaterialUpdate":false,"showSkybox":true,"showFlares":true,"showImageEffects":true,"showParticleSystems":true},"in2DMode":false,"pivot":{"x":25.65826416015625,"y":5.004776477813721,"z":-27.63664436340332},"rotation":{"x":-0.1833302527666092,"y":-0.8171794414520264,"z":0.35242289304733279,"w":-0.418767511844635},"size":1.3735225200653077,"orthographic":false}